{
    "filename": "data_water_log_mat_25ppm_50ppm_PN1.5.csv",
    "Analyte": [
        "data",
        "water"
    ],
    "Material": [
        "mat",
        "log"
    ],
    "ppm": [
        25,
        50
    ],
    "timestep": 1.5747058823529412,
    "ON": [
        -14435749.15114186,
        -18994961.39653996,
        103780064.30627903,
        16466640.89088479,
        -11507380.54619782,
        -62194817.80339099,
        13588564.624971244,
        -11589049.970245115,
        13457948.553761745,
        24040507.293168698,
        -109484236.18596336,
        50402108.01776574,
        17310265.212304343,
        -14507237.733441403
    ],
    "OFF": [
        -25117405.030463647,
        -12685649.72663059,
        22558921.647450976,
        55542379.66882301,
        13558445.101245657,
        -12081626.853880337,
        53453925.389010936,
        -11742997.914561002,
        -13608908.28249045,
        -12129024.683292972,
        24300810.9909652,
        13602695.72782856,
        11438081.376229951,
        24542509.22123428
    ],
    "Baseline": [
        -26518938.49992973,
        15658362.097744508,
        698480595.1613455,
        13587322.050239936,
        -16968119.44877367,
        -13298894.516094455,
        -17665044.95665616
    ],
    "Sensor Type": "PN1.5",
    "RC_on": {
        "Delta_R": 23238488,
        "tau": 8
    },
    "RC_off": {
        "Delta_R": -40897476,
        "tau": 0
    }
}