{
    "filename": "data_water_log_mat_25ppm_50ppm_PN1.6.csv",
    "Analyte": [
        "data",
        "water"
    ],
    "Material": [
        "mat",
        "log"
    ],
    "ppm": [
        25,
        50
    ],
    "timestep": 1.5747058823529412,
    "ON": [
        18381761.61612448,
        -1274873742.8788738,
        -24837981.8444288,
        -13305777.954241963,
        -29114709.042155188,
        42204332.274708,
        -17504830.02022333,
        61430570.5548532,
        -22708321.600700505,
        -12826072.429600574,
        -104140349.53250356,
        36395134.69839352,
        -14057988.923148207,
        230642146.94626337
    ],
    "OFF": [
        13888950.6175583,
        11940135.979044585,
        -50263178.00000804,
        -32445189.530196898,
        -24145695.12438052,
        13026931.226270633,
        -21852325.480773013,
        16031120.894369822,
        35766888.58828806,
        13871247.359434675,
        -15466023.774990387,
        31813982.37250865,
        -13633965.91753932,
        -15156509.910462916
    ],
    "Baseline": [
        12181003.87063579,
        85325760.95646766,
        14173934.587858835,
        -14977169.551594028,
        226368641.7858856,
        19378808.42032481,
        -45672235.93911708
    ],
    "Sensor Type": "PN1.6",
    "RC_on": {
        "Delta_R": -606708830,
        "tau": 4
    },
    "RC_off": {
        "Delta_R": -172394398,
        "tau": 31
    }
}