{
    "filename": "data_water_log_mat_25ppm_50ppm_PN1.4.csv",
    "Analyte": [
        "data",
        "water"
    ],
    "Material": [
        "mat",
        "log"
    ],
    "ppm": [
        25,
        50
    ],
    "timestep": 1.5747058823529412,
    "ON": [
        11697178.757455489,
        13390462.402125765,
        81667053.22405192,
        -50721847.979520544,
        36774440.29301874,
        -107825325.99100368,
        11355751.858652685,
        14139411.772191454,
        -11416098.525496714,
        -119971686.68194307,
        19643625.34891989,
        -16877711.19333182,
        -11976578.6028842,
        13372278.757988095
    ],
    "OFF": [
        -18559721.09935909,
        11291584.506274903,
        -13217482.976212362,
        13393825.205491416,
        -11684701.419071931,
        20617498.194422595,
        23788804.89326201,
        -11495543.809919804,
        13493297.272046598,
        11307664.708292216,
        86702521.04920454,
        -62368674.9587899,
        -14751007.420051754,
        -122363330.25507982
    ],
    "Baseline": [
        94565509.31092006,
        -12855621.853425857,
        -16066742.533824911,
        -11365603.387949985,
        13510457.228999818,
        11305757.30993524,
        16632437.11109204
    ],
    "Sensor Type": "PN1.4",
    "RC_on": {
        "Delta_R": -207843056838,
        "tau": 68031
    },
    "RC_off": {
        "Delta_R": -61144263,
        "tau": 2
    }
}