{
    "filename": "data_water_log_mat_25ppm_50ppm_PN1.8.csv",
    "Analyte": [
        "data",
        "water"
    ],
    "Material": [
        "mat",
        "log"
    ],
    "ppm": [
        25,
        50
    ],
    "timestep": 1.5747058823529412,
    "ON": [
        -14121126.50439421,
        12592510.881188652,
        -12255394.579586042,
        -13961285.912615754,
        -12233065.339493254,
        11913445.955903336,
        12741926.174044264,
        12435313.055897355,
        -13238573.39014976,
        3626126093.458324,
        -13094001.179769509,
        12121060.791604662,
        -13481369.556155566,
        -17837057.056821372
    ],
    "OFF": [
        -67638999.83563723,
        13754688.973471057,
        -15577612.416229442,
        -13025533.04063224,
        -13952576.58743696,
        -12305116.184291756,
        -12690112.156480247,
        13771363.688632222,
        130511926.50612396,
        2962545134.375122,
        -12958425.35435138,
        13966509.706375085,
        -12069105.76857393,
        42964683.459842846
    ],
    "Baseline": [
        34338583.93174039,
        -14497670.22439494,
        35163821.210254334,
        -13958715.42408741,
        12193093.73416422,
        -106714827.7798759,
        -17602633.917318314
    ],
    "Sensor Type": "PN1.8",
    "RC_on": {
        "Delta_R": -877824320,
        "tau": 5
    },
    "RC_off": {
        "Delta_R": -823428508,
        "tau": 5
    }
}