{
    "filename": "data_water_log_mat_25ppm_50ppm_PN1.1.csv",
    "Analyte": [
        "data",
        "water"
    ],
    "Material": [
        "mat",
        "log"
    ],
    "ppm": [
        25,
        50
    ],
    "timestep": 1.5747058823529412,
    "ON": [
        53308654.979987934,
        13544225.961030552,
        11476191.722177006,
        -22541479.703877088,
        -13276153.823890757,
        -11529634.273083076,
        -243946587.40679407,
        -14749956.524503144,
        -12933424.936471015,
        12170977.40372848,
        12621570.971598435,
        13230129.503122644,
        128097821.6453038,
        13670349.36765065
    ],
    "OFF": [
        24538835.529191032,
        709577666.4686944,
        -18303429.4952811,
        -24953343.48601702,
        -12767162.449630352,
        31275391.70864345,
        55149806.17600619,
        -62576538.92917775,
        13005384.359178543,
        13911477.65072425,
        13541843.41593542,
        26387166.759769388,
        14034743.006312126,
        11579300.841815172
    ],
    "Baseline": [
        12163499.818398949,
        -13692766.631713595,
        -13364797.630902512,
        89519504.06194751,
        17215707.129144832,
        -16265946.931046862,
        12888345.17256721
    ],
    "Sensor Type": "PN1.1",
    "RC_on": {
        "Delta_R": -87153896734,
        "tau": 43571
    },
    "RC_off": {
        "Delta_R": 285244977,
        "tau": 3
    }
}