{
    "filename": "data_water_log_mat_25ppm_50ppm_PN1.7.csv",
    "Analyte": [
        "data",
        "water"
    ],
    "Material": [
        "mat",
        "log"
    ],
    "ppm": [
        25,
        50
    ],
    "timestep": 1.5747058823529412,
    "ON": [
        48412482.09343319,
        -17743530.398304995,
        11502046.501623802,
        11171991.014144188,
        11761660.304196524,
        -11156950.060264263,
        25328805.893709183,
        -14046843.695291936,
        145350168.1774121,
        101470901.89975852,
        28649748.79900253,
        -11466129.226257574,
        13099294.35411244,
        37002337.06760919
    ],
    "OFF": [
        -23035078.97000948,
        -11291589.606272431,
        -85052166.74647395,
        16712928.051513253,
        380109045.6830256,
        13853280.186609223,
        11350576.75118117,
        -22644394.24433845,
        43300840.38271015,
        -16079908.138700789,
        11138436.17024476,
        -28985095.57400489,
        15818797.572067674,
        15529170.459666552
    ],
    "Baseline": [
        -11319818.375778124,
        -34552972.64406603,
        -17034646.25598065,
        37717929.48180469,
        -11378206.93340142,
        -2043200616.556218,
        25844294.32929663
    ],
    "Sensor Type": "PN1.7",
    "RC_on": {
        "Delta_R": -41088295,
        "tau": 9
    },
    "RC_off": {
        "Delta_R": 84604673889,
        "tau": 58190
    }
}