{
    "filename": "data_water_log_mat_25ppm_50ppm_PN1.2.csv",
    "Analyte": [
        "data",
        "water"
    ],
    "Material": [
        "mat",
        "log"
    ],
    "ppm": [
        25,
        50
    ],
    "timestep": 1.5747058823529412,
    "ON": [
        0.9999730007289804,
        0.9999730007289804,
        0.9999940000359998,
        0.9999390037207728,
        0.9999580017639258,
        0.999997000009,
        0.9999810003609932,
        0.999967001088964,
        0.9999650012249572,
        0.9999550020249088,
        0.9999730007289804,
        0.9999810003609932,
        0.9999740006759824,
        0.9999520023038894
    ],
    "OFF": [
        0.9999890001209988,
        0.9999110079202952,
        0.9999880001439984,
        0.9999880001439984,
        0.9999790004409906,
        0.999967001088964,
        0.9999610015209408,
        0.999967001088964,
        0.9999520023038894,
        0.9999610015209408,
        0.9999470028088512,
        0.999982000323994,
        0.9999580017639258,
        0.9999460029158426
    ],
    "Baseline": [
        0.9999610015209408,
        0.9999530022088964,
        0.9999440031358244,
        0.999982000323994,
        0.9999890001209988,
        0.9999610015209408,
        0.9999830002889952
    ],
    "Sensor Type": "PN1.2",
    "RC_on": {
        "Delta_R": 0,
        "tau": 18392
    },
    "RC_off": {
        "Delta_R": 0,
        "tau": 55436
    }
}