{
    "filename": "data_water_log_mat_25ppm_50ppm_PN1.3.csv",
    "Analyte": [
        "data",
        "water"
    ],
    "Material": [
        "mat",
        "log"
    ],
    "ppm": [
        25,
        50
    ],
    "timestep": 1.5747058823529412,
    "ON": [
        -12500135.938978337,
        -15675104.000396268,
        -2486485330.60682,
        33702374.33227171,
        -13876047.763021529,
        -202867697.19399488,
        -12442131.645715777,
        -11714954.537775924,
        11739898.78563661,
        30689946.832736105,
        -29471070.9020918,
        23246974.696830392,
        -13416148.535010245,
        -14462539.4917719
    ],
    "OFF": [
        69624258.76273514,
        -11948424.863047153,
        16359168.823350422,
        -11787664.091651447,
        13828093.292614209,
        -18506941.398510337,
        86183196.17277662,
        13600695.811597722,
        -13439996.731392791,
        12144144.682425153,
        26827762.011996303,
        -13474955.111555783,
        11735547.878160134,
        91016490.36772482
    ],
    "Baseline": [
        72724416.64109191,
        14235787.345808627,
        16497719.025367554,
        12113160.173286024,
        -17892240.403720513,
        12052512.798262028,
        -13873481.61680445
    ],
    "Sensor Type": "PN1.3",
    "RC_on": {
        "Delta_R": -1724484244,
        "tau": 20
    },
    "RC_off": {
        "Delta_R": -1472164870990,
        "tau": 125763
    }
}